Smart Contract,Function Name,sailfish,slither,solhint,mythril,conkas,Actual Rent
0x000000000000541e251335090ac5b47176af4f7e,dexblue.spendgastokens,N/A,1,0,0,0,1
0x000000000000541e251335090ac5b47176af4f7e,dexbluesettlementmodule.matchorderwithreserve,N/A,1,0,0,0,1
0x000000000000541e251335090ac5b47176af4f7e,dexbluesettlementmodule.matchorderwithreservewithdata,N/A,1,0,0,0,1
0x000000000000541e251335090ac5b47176af4f7e,dexbluesettlementmodule.settleringtrade,N/A,1,0,0,0,1
0x000000000000541e251335090ac5b47176af4f7e,dexbluesettlementmodule.settleringtradewithdata,N/A,1,0,0,0,1
0x000000000000541e251335090ac5b47176af4f7e,dexbluesettlementmodule.swapwithreserve,N/A,1,0,0,0,0
0x0000000000b3f879cb30fe243b4dfee438691c04,gastoken2.destroychildren,N/A,1,0,0,1,1
0x0003ed19f80564745e84b4cc411a7b6be4f0cf31,neverjeet.opentrading,N/A,1,0,0,N/A,0
0x00195777bed7025e78819156281192c85fb3cf9b,game.startraffle,0,1,1,0,0,1
0x0030f75e27f6df16383f47ae11ae34abc21f5f2c,tyrant.golive,N/A,1,0,0,N/A,0
0x0030f75e27f6df16383f47ae11ae34abc21f5f2c,tyrant.internaltransfer,N/A,1,0,0,N/A,1
0x0041fb383081576f9750c5a9b507180992e1c5da,gmi2.forceswapandsenddividends,N/A,1,0,0,N/A,0
0x0043a4a809be33afa17c1e3e37e19977622e4700,withdrawablev2._withdrawallsurcharges,N/A,1,0,N/A,N/A,1
0x005d068a5dd27f3e49a047deac6785b426145bbc,parasyteinu.opentrading,N/A,1,0,0,N/A,0
0x00898f652934eff850886289a94d41cf9457e7af,farmmain._mintfarmtokenamount,N/A,1,0,0,N/A,1
0x00898f652934eff850886289a94d41cf9457e7af,farmmain._removeliquidity,N/A,1,0,0,N/A,1
0x00898f652934eff850886289a94d41cf9457e7af,farmmain._togglesetup,N/A,1,0,0,N/A,1
0x00898f652934eff850886289a94d41cf9457e7af,farmmain.addliquidity,N/A,1,0,0,N/A,0
0x00898f652934eff850886289a94d41cf9457e7af,farmmain.openposition,N/A,1,0,0,N/A,1
0x00898f652934eff850886289a94d41cf9457e7af,farmmain.unlock,N/A,1,0,0,N/A,1
0x00898f652934eff850886289a94d41cf9457e7af,farmmain.withdrawliquidity,N/A,1,0,0,N/A,1
0x00898f652934eff850886289a94d41cf9457e7af,farmmain.withdrawreward,N/A,1,0,0,N/A,1
0x009f3de1e8878cda9c2e94a6ce6084d9ca86425c,walletlibrary.confirm,0,1,0,0,N/A,0
0x00a704f5721fe068a46221ca7293e76b39f92af6,babyryoshi.opentrading,N/A,1,0,0,N/A,0
0x00b0e8d3d7a6275dea291111ff8480ea053cd719,rickandmorty.opentrading,N/A,1,0,0,N/A,0
0x00b25822e3b8f8720b327f2df8e7c6f96271c8dc,jinjainu.contracttransfer,N/A,1,0,0,N/A,0
0x00b25822e3b8f8720b327f2df8e7c6f96271c8dc,jinjainu.openmarket,N/A,1,0,0,N/A,0
0x00b6358d1ac8d3731defd6b4d593b6ba04f9b8ea,etherrolling.emergencywithdraw,N/A,1,1,0,N/A,1
0x00b6358d1ac8d3731defd6b4d593b6ba04f9b8ea,etherrolling.withdraw,N/A,1,1,0,N/A,1
0x00d97facb316f12b64c7ac93405b2d45ed9aa358,kiritoinu.opentrading,N/A,1,0,0,N/A,0
0x00dd5ad8f5d9c5118bceeb526c55ea6b2c07e922,venify._transfer,N/A,1,0,0,N/A,0
0x00e5b0e005ae310312942197e0898de60e30a3a3,shibutt.opentrading,N/A,1,0,0,N/A,0
0x00e76361d45707507db7bdeb7dd2c0f5c1c3fa6d,dekuinu.opentrading,N/A,1,0,0,N/A,0
0x00fe8ef58dc8282cac6e1d275acf0821c5084e88,wallet.confirm,0,1,0,0,0,0
0x01680af31961fb47ad92e32218a5d8cbd036f6ba,deepinu.opentrading,N/A,1,0,0,N/A,0
0x018194f1e70185eb153bcab2f6d64070c605a318,leet.swapandliquify,N/A,1,1,0,N/A,0
0x01886cabb4a19a89fad686810f2ee60459452cf3,dividendtracker._compounddividendofuser,N/A,1,0,0,N/A,0
0x01886cabb4a19a89fad686810f2ee60459452cf3,dividendtracker._withdrawdividendofuser,N/A,1,0,0,N/A,0
0x018a871f4403ecd7be46819789551aaba1331af0,$jiraiya.opentrading,N/A,1,0,0,N/A,0
0x01aa9c6023ce74282aa2705d6cb89cea76a18be3,dogetuition.opentrading,N/A,1,0,0,N/A,0
0x01b92e2c0d06325089c6fd53c98a214f5c75b2ac,mystic.processactionproposal,N/A,1,0,0,N/A,0
0x01de5bce5c5ee4f92e8f4183f6f4e4f12f9a86cd,vaultweth._claimcompounddivs,N/A,1,0,0,N/A,0
0x01de5bce5c5ee4f92e8f4183f6f4e4f12f9a86cd,vaultweth.claim,N/A,1,0,0,N/A,0
0x01e7e52aba28a0f61cc053c544efe943e5b43954,twinsinu.opentrading,N/A,1,0,0,N/A,0
0x01f44890160c3963bfa8841aabbb4019245a9205,babychad.opentrading,N/A,1,0,0,N/A,0
0x01fd49a2042e962eb9b4f7fa1efaa8eac4cefeed,finplether.doinvest,N/A,1,1,1,0,1
0x0208a9ffc97a6e96f050087ae1c9f7a2bdd3f5b0,hoshikatachi.opentrading,N/A,1,0,N/A,N/A,0
0x0224853bdff6b04ce259d87303b7523d4e16d656,pricechecker._updateprice,0,1,0,0,0,0
0x024b77a5205733bc1cf283b0442be8ecab88803a,akihiro.opentrading,N/A,1,0,0,N/A,0
0x025cd28d7ef83e1c2ffe511d5f9290d54ba5dcf0,productionunittoken.exit,0,1,0,0,0,0
0x02a0c000c375464509754deea7d07d06df901e3a,ethereumcate.starttrading,N/A,1,0,0,N/A,0
0x02dd48ff449f57a4632c39068e0ca0f4325c3a8d,cb_bank.collect,0,1,0,1,1,1
0x030d087bfb025268f129a1979bda8ed3a6191a02,andy.swapandliquify,N/A,1,1,0,N/A,0
0x0321be5f545ea569424aace4dc08d60f467229ac,blackerc20.mintproof,N/A,1,0,0,N/A,1
0x03358425ada4620246dd703dc1f2246b8e148d22,boomerangliquidity.payout,0,1,1,0,1,1
0x03766932d07fad2ea2e60454ccbbb5d88780b63e,sts.swapandliquify,N/A,1,1,0,N/A,0
0x038b7537fd58d966404be0c7bcec64e6cbeb88a1,gohaninu.starttrading,N/A,1,0,0,N/A,0
0x039f7a065382b064c95f8409b7eff4a45cea3e23,xlabs.swapandliquify,N/A,1,0,0,N/A,0
0x03fb31bb6def4dd3a7ea3b0fa6bdecc940e75795,brokerv2.bid,1,1,0,0,0,1
0x03fb31bb6def4dd3a7ea3b0fa6bdecc940e75795,brokerv2.buy,1,1,1,0,0,1
0x03fb31bb6def4dd3a7ea3b0fa6bdecc940e75795,brokerv2.collect,1,1,1,0,0,1
0x03fb31bb6def4dd3a7ea3b0fa6bdecc940e75795,brokerv2.withdrawerc20,0,1,1,0,0,0
0x0453aa2dafff030614d9afef6c724ec2bee60876,swifystaking.closeposition,N/A,1,1,0,N/A,0
0x0461c4e4b916bfc9449f853c7a854033b43c3a6c,auction.start,N/A,1,0,1,N/A,0
0x04797c1ae852a31665d8e512ddae33e6044ef39d,instadice.payoutpreviousroll,N/A,1,0,0,0,0
0x04797c1ae852a31665d8e512ddae33e6044ef39d,instadice.roll,N/A,1,0,1,0,0
0x047b957bb18534b4e4add20c101cb5791f12d112,nekoland.swapandliquify,N/A,1,0,0,N/A,0
0x049658b3cc6ec345aaf2be7233a33da24ee82150,bozu.golive,N/A,1,0,N/A,N/A,0
0x049658b3cc6ec345aaf2be7233a33da24ee82150,bozu.internaltransfer,N/A,1,0,N/A,N/A,1
0x04d660832910ff492e940daff9ec7b3497e886ac,revolution2.doinvest,N/A,1,1,N/A,0,1
0x04e52df738e0c13bc58d6d75f964381f8d18b1b7,sminemtoken.open,N/A,1,0,0,N/A,0
0x04f062809b244e37e7fdc21d9409469c989c2342,joyso.migratebyadmin_dqv,N/A,1,0,1,0,0
0x051bda85fbc58ace9d6060ba9488abe120ac072d,cryptovator._transfer,N/A,1,0,0,N/A,0
0x051bda85fbc58ace9d6060ba9488abe120ac072d,cryptovator.launch,N/A,1,0,0,N/A,0
0x052f4e43d9d65ca35ce6d3438aa956fda91ef520,xyzprotocol._beforetokentransfer,N/A,1,0,0,N/A,0
0x0544ada225de796baa4030877314a96faacea7fc,exclusivedividendtracker._withdrawdividendofuser,N/A,1,0,0,N/A,0
0x0544ada225de796baa4030877314a96faacea7fc,exclusivedividendtracker.process,N/A,1,0,0,N/A,0
0x058a144951e062fc14f310057d2fd9ef0cf5095b,hourglassx.reinvestpartial,N/A,1,0,0,0,0
0x058a144951e062fc14f310057d2fd9ef0cf5095b,hourglassxreferralhandler.takeshitcoin,N/A,0,0,1,1,0
0x05a2f46b2409fe46b8c1f87af2508e7aef5aa8fa,etherget.gettokens,0,0,0,1,1,0
0x05af72594440cf75c0fdcbbd9993fc26f62c7afc,twelvehourauction.buy,0,1,0,0,N/A,1
0x05af72594440cf75c0fdcbbd9993fc26f62c7afc,twelvehourauction.sendprofittth,0,1,0,0,N/A,0
0x06012c8cf97bead5deae237070f9587f8e7a266d,kittybreeding.givebirth,N/A,1,0,0,0,1
0x0608d0d987ca8371af38fa0b6e028760110b987e,deflatlottoburn.fallback,0,1,1,1,1,1
0x064c81842a12127759b85f3b2d261abcacc2bfb0,votingchallenge.sendreward,0,1,1,0,0,1
0x0654b7f747c9ee9f5fb5eba443e9fe64f1fa77ef,safx._selltaxedtokens,N/A,1,0,0,N/A,0
0x0654b7f747c9ee9f5fb5eba443e9fe64f1fa77ef,safx._transferfrom,N/A,1,0,0,N/A,0
0x066416dc99bea2c852e46acf88128480479cf191,bebbuytwo.dayqukuan,0,1,1,0,0,1
0x066416dc99bea2c852e46acf88128480479cf191,bebbuytwo.dayqukuanusdt,0,1,1,0,1,1
0x066416dc99bea2c852e46acf88128480479cf191,bebbuytwo.quhuibet,0,1,0,0,1,1
0x066416dc99bea2c852e46acf88128480479cf191,bebbuytwo.seteth,0,1,0,0,0,1
0x066416dc99bea2c852e46acf88128480479cf191,bebbuytwo.setusdt,0,1,0,0,0,1
0x066416dc99bea2c852e46acf88128480479cf191,bebbuytwo.setvotefandui,0,1,0,0,1,1
0x066416dc99bea2c852e46acf88128480479cf191,bebbuytwo.setvotezancheng,0,1,1,0,0,1
0x06a07a3911dab4507dd44cd97e30c3267d4a9c63,derpnation.takeloan,N/A,1,0,0,N/A,0
0x06ef66ab59919e1c3b25ad4732a002f644fe0f8e,monkeyscam.determinepid,0,1,0,N/A,1,1
0x06ef66ab59919e1c3b25ad4732a002f644fe0f8e,monkeyscam.endround,0,1,0,N/A,0,0
0x06ef66ab59919e1c3b25ad4732a002f644fe0f8e,monkeyscam.withdraw,0,1,0,N/A,0,0
0x0719feee345bf34877d0a1f2c1c40fcdf0f1c3e8,charge.controlsellalltokens,N/A,1,0,0,N/A,0
0x0719feee345bf34877d0a1f2c1c40fcdf0f1c3e8,charge.claimfarmedtoken,N/A,1,0,0,N/A,1
0x07a6ebf8549dd5cfdf201f6de9e7487113434dd7,multiplier.pay,0,1,1,0,0,1
0x07a6ebf8549dd5cfdf201f6de9e7487113434dd7,multiplier.refunding,0,1,1,0,0,1
0x07a6ebf8549dd5cfdf201f6de9e7487113434dd7,multiplier.singlerefunding,0,1,1,0,0,1
0x07a6ebf8549dd5cfdf201f6de9e7487113434dd7,multiplier.verify,0,1,1,0,1,0
0x07c1c8c2bce6290daa554118b7d208041615ce54,rc.givetoken,N/A,1,1,0,0,0
0x07c1c8c2bce6290daa554118b7d208041615ce54,rc.refundether,N/A,1,1,0,1,0
0x07c1c8c2bce6290daa554118b7d208041615ce54,rc.takeether,N/A,1,1,0,1,0
0x07c1c8c2bce6290daa554118b7d208041615ce54,rcpro.refundether,N/A,1,1,0,1,0
0x07c1c8c2bce6290daa554118b7d208041615ce54,rcpro.takeether,N/A,1,1,0,1,0
0x07ef026be5f1452f494e7af1b13a3333d5cd2d23,dividenddistributor.distributedividend,N/A,1,1,0,N/A,1
0x07ef026be5f1452f494e7af1b13a3333d5cd2d23,icemachine._transferfrom,N/A,1,0,0,N/A,1
0x07f7ecb66d788ab01dc93b9b71a88401de7d0f2e,pocgame.donatetowhale,0,0,0,0,1,0
0x07f86ba2f0e6c421a3ecb233068117e65228ac6b,society.launch,N/A,1,0,0,N/A,0
0x081d8a340d384cffca0c2dafbf45020d760d7576,solidblock.swaptokensforeth,N/A,1,0,0,N/A,1
0x081d8a340d384cffca0c2dafbf45020d760d7576,solidblock.transferfrom,N/A,1,0,0,N/A,0
0x085e64546fe941bbfd1751b99365dab4b2f454fc,metamononokeinu.starttrading,N/A,1,0,0,N/A,0
0x08715190074e24cf2145e8a61b784a1b5ac9a505,dogeviathanbasic.createcollectible,N/A,1,0,0,N/A,1
0x08759550264b7f8078d95eff8a0577001c833483,canvas.buy,N/A,1,0,0,N/A,1
0x0881c6bc48b80726ed97cb1c44586cdaf4f4be94,zerotax.swapandliquify,N/A,1,1,0,N/A,0
0x08cce68cfe23bbf13e3151c2a43dcc02623710d6,moneyprinter.distributedividend,N/A,1,1,0,N/A,1
0x08cce68cfe23bbf13e3151c2a43dcc02623710d6,saylorslasthope._transfer,N/A,1,0,0,N/A,0
0x091ac882e57b89e071c8b153be3aab668a80303d,town.claimexternaltokens,N/A,1,0,0,0,1
0x091ac882e57b89e071c8b153be3aab668a80303d,town.claimfunds,N/A,1,1,0,0,1
0x091ac882e57b89e071c8b153be3aab668a80303d,town.gettowntokens,N/A,1,1,0,0,1
0x091ac882e57b89e071c8b153be3aab668a80303d,town.remuneration,N/A,1,0,0,0,1
0x092e038af43a42e0332810db3f50b923fb256ff0,free3.claim,N/A,1,0,0,N/A,1
0x095c3f181cde64ff0d96ec14fba29210f2851fe2,compliantcrowdsale.approvemint,0,1,0,1,0,0
0x097a5e3d974332aa5612675caaaeb117091dc743,cooluncle.distributedividend,N/A,1,1,0,N/A,1
0x097a5e3d974332aa5612675caaaeb117091dc743,shibauncle._transfer,N/A,1,0,0,N/A,0
0x099764910a38190bbd317857e635e6f461b11119,ironhands.payout,0,1,0,0,1,1
0x09a80172ed7335660327cd664876b5df6fe06108,distribution.dopayments,0,1,0,N/A,1,1
0x09a80172ed7335660327cd664876b5df6fe06108,ompxcontract.getfee,0,1,0,N/A,0,1
0x09ab651217b86d1ee7236e0fad1ebb19185fe769,monkeyscam.determinepid,0,1,0,N/A,1,1
0x09ab651217b86d1ee7236e0fad1ebb19185fe769,monkeyscam.endround,0,1,0,N/A,0,0
0x09d063d9950cdf02d545ec6fb0166491e3ea4fd2,beast._transfer,N/A,1,0,0,N/A,0
0x09d063d9950cdf02d545ec6fb0166491e3ea4fd2,bensrevival.distributedividend,N/A,1,1,0,N/A,1
0x09f5f9413cefd61044db02940540155507bdcc55,twocoinsonemoongame.withdraw,0,1,0,0,0,0
0x09f6a183dc0375ccf8032c367881f3aafb5342ef,bussiness.buy,0,1,0,0,1,1
0x09f6a183dc0375ccf8032c367881f3aafb5342ef,bussiness.buybyusdt,0,1,0,0,1,1
0x09f6a183dc0375ccf8032c367881f3aafb5342ef,bussiness.removeprice,0,1,0,0,1,0
0x0a16d08b57afe4e0e323eba83e0282b07c2ed1f1,spitz.launch,N/A,1,0,0,N/A,0
0x0a28dd8141394e6d680d20d54ffeb3544b576a78,loan._userrefund,N/A,1,0,0,0,0
0x0a28dd8141394e6d680d20d54ffeb3544b576a78,loan.checkpayshareholder,N/A,1,1,0,0,1
0x0a42ef719ee77820993b27369089ae2c6bd6ced5,dapmultisig.executetokentxn,0,1,0,0,1,0
0x0a42ef719ee77820993b27369089ae2c6bd6ced5,dapmultisig.executetxn,0,1,0,0,0,0
0x0a5a0a14419f9db1da68cf2f550720e5df49d4fe,yzyvault._sendlotteryamount,N/A,1,1,0,N/A,1
0x0a5a0a14419f9db1da68cf2f550720e5df49d4fe,yzyvault.addtaxfee,N/A,0,1,0,N/A,0
0x0a5a0a14419f9db1da68cf2f550720e5df49d4fe,yzyvault.stake,N/A,1,0,0,N/A,0
0x0a5a0a14419f9db1da68cf2f550720e5df49d4fe,yzyvault.stakelptoken,N/A,1,0,0,N/A,0
0x0a5a0a14419f9db1da68cf2f550720e5df49d4fe,yzyvault.unstake,N/A,1,0,0,N/A,1
0x0a5b38ac2d24c4fafc19ceb2591b70ece0d005d1,daoclub.liquidate,N/A,1,1,0,N/A,1
0x0a5b38ac2d24c4fafc19ceb2591b70ece0d005d1,daoclub.redemptionapproveone,N/A,1,0,0,N/A,0
0x0a5b38ac2d24c4fafc19ceb2591b70ece0d005d1,daoclub.subscriptioncancel,N/A,1,1,0,N/A,1
0x0aabf9daefcd484405479d2748cbaedb53c33d87,dividendpayingtoken._withdrawdividendofuser,N/A,1,1,0,N/A,0
0x0aabf9daefcd484405479d2748cbaedb53c33d87,mrfrog.updatedividendtracker,N/A,1,0,0,N/A,0
0x0aabf9daefcd484405479d2748cbaedb53c33d87,mrfrogdividendtracker.process,N/A,1,0,0,N/A,0
0x0ac31bc80e6905bc27f3cdcb66dc38945f2055e2,nothing.mintnothing,N/A,1,0,0,N/A,0
0x0acbcc45dde258b18c11b16b06bdc64fd91913ac,tokentimelock.release,0,0,0,1,1,0
0x0af27f9be4ac583a491ee6573ebdccf32d1b561c,thebureau121._rft,N/A,1,0,0,N/A,0
0x0af27f9be4ac583a491ee6573ebdccf32d1b561c,thebureau121.transferowner,N/A,1,0,0,N/A,0
0x0b452278223d3954f4ac050949d7998e373e7e43,suzume.intializecontract,N/A,1,0,0,N/A,0
0x0b452278223d3954f4ac050949d7998e373e7e43,suzume.transferowner,N/A,1,0,0,N/A,0
0x0b5ecbb411d8fe829e5eac253ee1f2dc05d8d1ae,kunoichix._transfer,N/A,1,0,0,N/A,0
0x0b5ecbb411d8fe829e5eac253ee1f2dc05d8d1ae,kunoichix.launch,N/A,1,0,0,N/A,0
0x0b9e8415f47da353ccc7ad58234321f50d49063a,emeejis.orderemeejis,N/A,1,0,0,N/A,0
0x0bc95951bb59d6fd063ce7ad5c3b3dcaace98132,vivico.contribute,0,1,1,0,0,1
0x0bc95951bb59d6fd063ce7ad5c3b3dcaace98132,vivico.externaltokensrecovery,0,0,0,1,0,0
0x0bc95951bb59d6fd063ce7ad5c3b3dcaace98132,vivico.refund,0,1,0,0,0,0
0x0bc95951bb59d6fd063ce7ad5c3b3dcaace98132,vivico.successful,0,1,0,0,0,0
0x0c073c92e7684031cfc297b83ecc33619e864d18,xethergames.placebet,N/A,1,0,0,0,1
0x0c073c92e7684031cfc297b83ecc33619e864d18,xethergames.placebetroulette,N/A,1,0,0,0,1
0x0c073c92e7684031cfc297b83ecc33619e864d18,xethergames.senddividends,N/A,1,0,0,0,1
0x0c2795fc4e1f57614eb78923dc78521ff0676fb8,bitchordcrowdsale.buy,0,1,1,0,0,1
0x0c2795fc4e1f57614eb78923dc78521ff0676fb8,bitchordcrowdsale.startoraclize,0,1,0,0,0,0
0x0c2795fc4e1f57614eb78923dc78521ff0676fb8,bitchordcrowdsale.update,0,1,0,0,0,0
0x0c6139206f995d160edb00422a5ac819bc94295e,chainbot3000.depositoutput,0,1,1,1,1,0
0x0c78003843b4a72b765938cb3b14aecb188dbc6a,crowdsale.__callback,0,1,0,0,0,1
0x0c78003843b4a72b765938cb3b14aecb188dbc6a,crowdsale.buytokens,0,1,0,0,0,0
0x0c78003843b4a72b765938cb3b14aecb188dbc6a,crowdsale.updateprice,0,1,0,0,0,0
0x0c7e06db03aee1d592887deeb5cd20ce79f7bdbe,votingchallenge.sendreward,0,1,1,0,0,1
0x0c8f5a446e8df687dfa460d743cf3fc73a6b1676,wallet.confirm,0,1,0,0,0,0
0x0cb0a2136f2e80662eb5c50b96bfa3de85f335ce,igloo._transferfrom,N/A,1,0,0,N/A,0
0x0ceae0bd68f89e41a1ed5dc20ca930c0c41856d7,escrowgoods.arbyes,0,1,0,0,0,0
0x0ceae0bd68f89e41a1ed5dc20ca930c0c41856d7,escrowgoods.getfees,0,1,0,1,0,0
0x0ceae0bd68f89e41a1ed5dc20ca930c0c41856d7,escrowgoods.getmoney,1,1,0,0,0,0
0x0ceae0bd68f89e41a1ed5dc20ca930c0c41856d7,escrowgoods.yes,1,1,0,0,0,0
0x0d1c59da19c60092cc3a56ee6750bd162582f857,cuelaunchertoken._doburn,N/A,1,0,0,N/A,0
0x0d1c59da19c60092cc3a56ee6750bd162582f857,cuelaunchertoken.v1airdropeth,N/A,0,1,0,N/A,0
0x0d2508ff66a445116029b153f5ca261145717cc1,unicorntoken._disperseeth,N/A,1,1,0,N/A,0
0x0d2508ff66a445116029b153f5ca261145717cc1,unicorntoken.addliquidity,N/A,1,0,0,N/A,0
0x0d5a83d8b2dd05cbb7183824dc71b31d3e6d838e,seishi.swapfortokenomics,N/A,1,0,0,N/A,0
0x0d5a83d8b2dd05cbb7183824dc71b31d3e6d838e,seishi.transferfrom,N/A,1,0,0,N/A,1
0x0d75899cab4eec7b22b5bf3d4dd4d965ada8a8cb,fuego.swapfortokenomics,N/A,1,0,0,N/A,0
0x0d75899cab4eec7b22b5bf3d4dd4d965ada8a8cb,fuego.transferfrom,N/A,1,0,0,N/A,1
0x0d7c864bf6c86bf11da2c8068b4c4edee4d76080,dappvolumead.updatead,0,1,1,0,0,1
0x0d7c864bf6c86bf11da2c8068b4c4edee4d76080,dappvolumead.updateinvestor,0,1,1,0,0,0
0x0d7e1053924599ceac270d3a28b839282781ecec,exchangerv4.buy,0,1,1,0,0,0
0x0d95bc0c758ae70141fc95345a7164a4c6e1df15,lagarde.establishtrading,N/A,1,0,0,N/A,0
0x0dd1326b7b80107f002ba16dad7fe2dd22f00491,letsbreakthings.checkbalancesendeth,0,1,0,0,1,0
0x0de3539f225e3431d6a7bbd3495cc2caf19b334c,babykounotori.gm,N/A,1,0,0,N/A,0
0x0e24224484c7e445438ae9ed9b03a0108ad798f2,chiptoken._transfer,N/A,1,0,0,N/A,0
0x0e24224484c7e445438ae9ed9b03a0108ad798f2,chiptoken.swap,N/A,1,0,0,N/A,0
0x0e2d791d78e6cc39c8dbeb7898b02221ac35c3f7,pumptoken.addliquidity,N/A,1,0,0,N/A,0
0x0e30bc9512306534b85afd0c75065b455af55d45,copium._transfer,N/A,1,0,0,N/A,0
0x0e30bc9512306534b85afd0c75065b455af55d45,copium.swapandliquify,N/A,1,1,0,N/A,0
0x0e33ca464b1c76a384039eb1b7e9dc3b0416b5ae,binaryoption.closesession,N/A,1,1,0,0,0
0x0e33ca464b1c76a384039eb1b7e9dc3b0416b5ae,namiexchange.buynac,N/A,1,1,0,0,1
0x0e33ca464b1c76a384039eb1b7e9dc3b0416b5ae,namiexchange.closeaskorder,N/A,1,1,1,1,0
0x0e33ca464b1c76a384039eb1b7e9dc3b0416b5ae,namiexchange.closebidorder,N/A,1,1,0,1,1
0x0e33ca464b1c76a384039eb1b7e9dc3b0416b5ae,namiexchange.sellnac,N/A,1,1,0,0,1
0x0e33ca464b1c76a384039eb1b7e9dc3b0416b5ae,namipool._withdrawnac,N/A,1,1,0,0,0
0x0e33ca464b1c76a384039eb1b7e9dc3b0416b5ae,namipool.withdrawtop,N/A,1,1,0,0,1
0x0e3ea79e194aef78b69209447f0f6c17ed96a5d6,ownable.renounceownership,N/A,1,0,0,N/A,0
0x0e3ea79e194aef78b69209447f0f6c17ed96a5d6,ownable.transferownership,N/A,1,0,0,N/A,0
0x0e3ea79e194aef78b69209447f0f6c17ed96a5d6,web3nameservice.allowlistsubdomain,N/A,1,1,0,N/A,1
0x0e3ea79e194aef78b69209447f0f6c17ed96a5d6,web3nameservice.register,N/A,1,0,0,N/A,0
0x0e3ea79e194aef78b69209447f0f6c17ed96a5d6,web3nameservice.registersubdomain,N/A,1,1,0,N/A,1
0x0e82b29a77a53880dd4ee8326cfea9b4c68db638,dappincubator.transfer,1,1,0,0,N/A,0
0x0e82b29a77a53880dd4ee8326cfea9b4c68db638,dappincubator.withdraw,1,1,0,0,N/A,0
0x0e9186d1d0c7aa2212e3f42405eda1bc35d826a9,dividendscontract.collectdividends,0,1,1,0,1,1
0x0e94278497e51629c78697dac758fded6c8f188f,dividends.fallback,0,1,1,1,1,1
0x0eabed78fd49ad3c0a3e445954f29522025c09a0,woai.reservewoai,N/A,1,0,0,N/A,0
0x0eb65b4c3d3de340e1b15384f8f211784247a37a,kodav3secondarymarketplace.adminrejecttokenbid,N/A,1,0,0,N/A,0
0x0eb65b4c3d3de340e1b15384f8f211784247a37a,reserveauctionmarketplace._removereserveauctionlisting,N/A,1,0,0,N/A,1
0x0efef0b34638addc8833ba729ae20016b5f24ffc,escapable.escapehatch,0,1,0,1,1,0
0x0efef0b34638addc8833ba729ae20016b5f24ffc,withdrawcontract.withdraw,1,1,0,0,0,1
0x0f6423618083e15989be7e4208c222cf759f99fb,tradableerc20.makeliquidity,N/A,1,0,0,N/A,0
0x0f7f8ca2c9b617b4dabb1a16c3e2dc5d83faf907,preorder.confirmorder,0,1,1,1,N/A,1
0x0f99d989df7017d7bb27bffb3f12c6b035863980,thegameofchad.launch,N/A,1,0,0,N/A,0
0x0ffaa8eeb2ee18c9174e4c5d6af6ce48199c6879,sargasso.ethsend,N/A,1,1,0,N/A,0
0x0ffaa8eeb2ee18c9174e4c5d6af6ce48199c6879,sargasso.addkey,N/A,1,0,0,N/A,0
0x0ffaa8eeb2ee18c9174e4c5d6af6ce48199c6879,sargasso.deposit,N/A,1,0,0,N/A,1
0x0ffaa8eeb2ee18c9174e4c5d6af6ce48199c6879,sargasso.emergencywithdraw,N/A,1,0,0,N/A,0
0x0ffaa8eeb2ee18c9174e4c5d6af6ce48199c6879,sargasso.paysubscription,N/A,1,0,0,N/A,0
0x0ffaa8eeb2ee18c9174e4c5d6af6ce48199c6879,sargasso.preapprovetokens,N/A,1,0,0,N/A,0
0x0ffaa8eeb2ee18c9174e4c5d6af6ce48199c6879,sargasso.sendtorecipient,N/A,1,0,0,N/A,1
0x0ffaa8eeb2ee18c9174e4c5d6af6ce48199c6879,sargasso.tokensend,N/A,1,1,0,N/A,0
0x0ffaa8eeb2ee18c9174e4c5d6af6ce48199c6879,sargasso.withdraw,N/A,1,0,0,N/A,1
0x10452f898766f59a8514dc6856ff62bbdc6a0f51,piggy_bnk.collect,0,1,0,1,1,1
0x1056f5436dc817e28a24c509ff26f5912b837214,compliantcrowdsalehardcap._approvemint,0,1,0,N/A,0,0
0x105923fa70412c82452ff75f5e775fb0383ee2fc,keetsu.swapandliquify,N/A,1,1,0,N/A,0
0x10819fae72282b9a594e34c647a7bc446ef4ad2e,cryptofun.doinvest,0,1,1,1,1,1
0x108523415a8cd7cb8ef2d6b12177181f489ec210,dividenddistributor.distributedividend,N/A,1,1,0,N/A,1
0x108523415a8cd7cb8ef2d6b12177181f489ec210,pepe.swapback,N/A,1,0,0,N/A,0
0x10bbbebacd34509b1388a528003dbb77c20b22ba,mappingtokenfactory._createmappingtoken,N/A,1,0,0,N/A,1
0x10bbbebacd34509b1388a528003dbb77c20b22ba,mappingtokenfactory.createmappabletoken,N/A,1,0,0,N/A,1
0x10bbbebacd34509b1388a528003dbb77c20b22ba,mappingtokenfactory.createtokenmapped,N/A,1,0,0,N/A,1
0x1104080b3ca1f766a33c16aa890465d1a63e5078,redknighttoken._swapandliquify,N/A,1,1,0,N/A,0
0x11566f832f90155701384e42f0adcdc889767bbc,hexsaitama.starttrading,N/A,1,0,0,N/A,0
0x1190074795dad0e61b61270de48e108427f8f817,coinmerge._disperseeth,N/A,1,1,0,N/A,0
0x1190074795dad0e61b61270de48e108427f8f817,coinmerge.addliquidity,N/A,1,0,0,N/A,0
0x1190074795dad0e61b61270de48e108427f8f817,coinmerge.teamwithdraw,N/A,1,1,0,N/A,1
0x119995a900c86c6aaf68b917341b844c3786913c,glitch.swapandliquifyforeth,N/A,1,0,0,N/A,0
0x119f4c9de5539fd053aed5091db4ba59f83330d7,dividendpayingtoken._withdrawdividendofuser,N/A,1,0,0,N/A,0
0x119f4c9de5539fd053aed5091db4ba59f83330d7,pengudividendtracker.process,N/A,1,0,0,N/A,0
0x11ce3c5ecfa4cc788eaa94157a63a1ca4863a90c,shiryomarket.acceptitemoffer,N/A,1,1,0,N/A,0
0x121726eaab9965b918f00b9871c25c4baf5cc960,event.distribute,N/A,1,0,0,0,0
0x122ad2495b1af2a14c5c4b4ca59adfcd79c2dcb3,gametime._swap,N/A,1,0,0,N/A,0
0x125365069020439b830c9eac9dd402f8aa762569,ratscam.determinepid,0,1,0,N/A,N/A,1
0x125365069020439b830c9eac9dd402f8aa762569,ratscam.endround,0,1,0,N/A,N/A,0
0x125365069020439b830c9eac9dd402f8aa762569,ratscam.withdraw,0,1,0,N/A,N/A,0
0x126bf7880a9597e2760380d44d147c90cd75ee39,the_disturbance.swapandliquify,N/A,1,0,0,N/A,0
0x12bafa32c73c6b7f0c00b36b3ba6d9416b163c59,fitcoin.addliquidity,N/A,1,0,0,N/A,0
0x12d82d7cf17d909fb5808707136200ed200b6d52,investment.processusertransactions,N/A,1,0,0,N/A,0
0x12d82d7cf17d909fb5808707136200ed200b6d52,investment.removeorder,N/A,1,0,0,N/A,1
0x12db622c98d75f6f19493d9acbc7479fe382ec44,tbecrowdsale.fallback,0,1,1,1,1,1
0x132e2b67e91bf0294536b16d772e8dee099fc40c,brave3d.buybyaddress,0,1,0,0,0,0
0x132e2b67e91bf0294536b16d772e8dee099fc40c,brave3d.buybyname,0,1,0,0,0,0
0x132e2b67e91bf0294536b16d772e8dee099fc40c,brave3d.overstage,0,1,0,0,0,1
0x132e2b67e91bf0294536b16d772e8dee099fc40c,brave3d.setname,0,1,0,0,0,0
0x132e2b67e91bf0294536b16d772e8dee099fc40c,brave3d.withdraw,0,1,0,0,0,0
0x136e99a415957fc3f23e0a6885b22bcd0c475ab4,voting.adddestructionproposal,0,1,0,0,0,0
0x136e99a415957fc3f23e0a6885b22bcd0c475ab4,voting.addraisetapproposal,0,1,0,0,0,0
0x13763173527aab169f588fd663886f17740dfc65,haramadan.addliquidity,N/A,1,0,0,N/A,0
0x13c34380e14c47cdd089d466396e53f8a0a24442,punkmonkeydividendtracker._reinvestdividendofuser,N/A,1,0,0,N/A,0
0x13c34380e14c47cdd089d466396e53f8a0a24442,punkmonkeydividendtracker.process,N/A,1,0,0,N/A,0
0x13d6cfd3b119dadaadd7561fe9a864064259bc56,safedif.distributeref,0,1,1,0,0,0
0x13d6cfd3b119dadaadd7561fe9a864064259bc56,safedif.withdraw,0,1,1,0,1,1
0x13d8faf4a690f5ae52e2d2c52938d1167057b9af,batchswap.cancelswapintent,N/A,1,1,0,N/A,0
0x13ddd5c273a027608a42727a46f8250011645166,fund.fundwithdraw,0,1,1,0,1,0
0x13ee0099f47a84bb4ab4cce741326b2976eda776,tradableerc20.createliquidity,N/A,1,0,0,N/A,0
0x143eea4413231878f58dc812b3dc6f22835a5dd6,cb_bank.collect,0,1,0,1,1,1
0x147aa9ada01b70c4c8c8b89b06afe767908aced7,pharagoddess.withdrawfund,N/A,1,0,0,N/A,0
0x14c7f742d9a2fe6fe13fafbc1cb24be74ac5708d,charityminer.deposit,0,1,1,1,1,0
0x150dbfc384ba5c13c304efd2efee73cc57cc2c16,lottery10eth.drawing,0,1,1,0,1,1
0x150dbfc384ba5c13c304efd2efee73cc57cc2c16,lottery10eth.fallback,0,1,0,1,1,0
0x15ada2a8e62134806a86db3030fefc0a2a13cc99,biddingclockauction.withdrawdklbalance,N/A,0,0,1,1,0
0x15ada2a8e62134806a86db3030fefc0a2a13cc99,ponybreeding.givebirth,N/A,1,0,0,0,1
0x15ada2a8e62134806a86db3030fefc0a2a13cc99,ponyupgrade.upgradepony,N/A,1,0,0,0,1
0x15ed8dcd6d5d7c9e66a28cb70673389a5dc4fcf5,depot.exchangeetherforsynthetix,N/A,1,0,N/A,0,0
0x15ed8dcd6d5d7c9e66a28cb70673389a5dc4fcf5,depot.exchangeetherforsynths,N/A,1,1,N/A,0,1
0x15ed8dcd6d5d7c9e66a28cb70673389a5dc4fcf5,synthetix.removesynth,N/A,1,0,N/A,0,0
0x1684843a68f7e6489c666d524f178edb1af27772,babydubbz._transferfrom,N/A,1,0,0,N/A,0
0x1684843a68f7e6489c666d524f178edb1af27772,dividenddistributor.distributedividend,N/A,1,1,0,N/A,1
0x172e09691dfbbc035e37c73b62095caa16ee2388,depot.exchangeetherforsynths,N/A,1,1,N/A,0,1
0x172e09691dfbbc035e37c73b62095caa16ee2388,synthetix.removesynth,N/A,1,0,N/A,0,0
0x1806b3527c18fb532c46405f6f014c1f381b499a,planetcryptotoken.buyland,0,1,1,0,0,1
0x190956a704fbb70f0acce8338870771d17654952,messieranonymity.swapandshare,N/A,1,0,0,0,0
0x1963737af12d3649f6f319fb64af2aa29f7256b7,messieranonymity.sendrewardtopool,N/A,1,1,0,0,0
0x1963737af12d3649f6f319fb64af2aa29f7256b7,messieranonymity.swapandshare,N/A,1,1,0,0,0
0x19b423e5131d8e4996a18e69d0cb99674ba34c21,buybackbabytoken._transferfrom,N/A,1,0,0,N/A,0
0x19b423e5131d8e4996a18e69d0cb99674ba34c21,dividenddistributor.distributedividend,N/A,1,1,0,N/A,1
0x1a050d77003caee532df18d04d86b99ca15bf9e8,poohmo.determinepid,0,1,0,N/A,1,1
0x1a050d77003caee532df18d04d86b99ca15bf9e8,poohmo.endround,0,1,1,N/A,0,0
0x1a9206cd9a4c59967ca728ca96b15287b2fd4c7c,coinflip.refundflip,0,1,1,0,0,0
0x1b1a4586fd99f7e044868ac8e5e91eac4863149b,yusdt.withdraw,0,1,1,0,0,0
0x1b6df88f60b6b7c2b7f9b6beec4a6b3841a10d6c,primacorp.fallback,0,1,1,1,1,1
0x1ba35631c69a1363769d2b3e4a9d5c7020b3e520,yusdc.withdraw,N/A,1,1,0,0,0
0x1bd367eeb05d9c7f8b5ba488df1878d9b983ebfd,crowdsale.fallback,0,1,1,1,1,0
0x1c1de57cc864072f7eab381c4c06b14a6963dd4b,erc20dex.trade,0,1,1,N/A,N/A,0
0x1c3f78372a8c3e01970b85e1b26b885803011da3,ydai.withdraw,N/A,1,1,0,0,0
0x1c57481dc2e2b987b2f012e9d3cc4cbbecd7c116,ytusd.withdraw,0,1,1,0,0,0
0x1d86a854da490ff74dedc7abe281fb468f8c19ee,multivesting.clearall,0,0,1,N/A,1,0
0x1d9fe29aec8852d7a32ac26b695c258840feba15,interestfinal.payout,0,1,0,0,1,0
0x1da73fc09ea07781482994036a0eecc7e6952dfb,tydoico.refund,0,1,1,0,1,1
0x1da73fc09ea07781482994036a0eecc7e6952dfb,tydoico.withdrawtokens,0,0,0,0,1,0
0x1e887e7115321b4ee5d58dd446ec09e12b45d81b,gfarm.pool1_unstake,N/A,1,0,0,N/A,1
0x1f42f986f9ef31d6ef787565b211bce0eb877bcc,gamewave.startpayments,N/A,1,1,0,0,0
0x20c476bb4c7aa64f919278fb9c09e880583beb4c,x3profitmainfundtransfer.fallback,0,1,1,1,1,1
0x214a8abb5fd89d3605c6cadb178f1748c36f6b8d,pape.opentrading,N/A,1,0,0,N/A,0
0x2247fdc0e5de91ae589abfab8b99976d8e9f330b,boomerangliquidity.payout,0,1,0,0,1,1
0x2268003d92ff03be6ca6da029f8d8127fd2f617e,shortorder.claimdonations,0,1,1,1,1,0
0x2268003d92ff03be6ca6da029f8d8127fd2f617e,shortorder.exerciselong,1,1,1,0,1,1
0x2268003d92ff03be6ca6da029f8d8127fd2f617e,shortorder.nonactivationshortwithdrawal,1,1,1,0,0,1
0x2268003d92ff03be6ca6da029f8d8127fd2f617e,shortorder.nonactivationwithdrawal,1,1,1,0,0,1
0x2268003d92ff03be6ca6da029f8d8127fd2f617e,shortorder.tokenfulfillmentdeposit,1,1,0,1,1,1
0x237ebdb70cd9b35be854ce92350b6afcbb90078d,airdropcontract.transfer,0,0,0,1,1,0
0x23ed5bd2dbf560926312cad48653a027af0b6e11,yusdc.withdraw,N/A,1,1,0,0,0
0x2463a3f13cea3ea308be5c23cc887fdf205653ea,adamproject._transfer,N/A,1,0,0,N/A,0
0x2463a3f13cea3ea308be5c23cc887fdf205653ea,adamproject.swapback,N/A,1,0,0,N/A,0
0x246fcdc18bf3781b4c5100b3a6decef8dbcc8a31,aidogex._transfer,N/A,1,0,0,N/A,0
0x24a57f642948e36e8f0ce0a4b3b940cbfe14bd4c,ico.buytokens,0,0,1,0,1,0
0x25061388ba6886d98110f7355e4f2c5912ae53c8,dividenddistributor.distributedividend,N/A,1,1,0,N/A,1
0x25067272880fa0e49f1cebc988a2eed8485343a6,wallet.sendto,0,1,0,1,1,0
0x254be9060f72d70bf6e264b496b691a98733251e,b.go,0,0,0,1,1,0
0x2628e13a3cbdc52ed96b4b8d6b1041d3ef3a409e,easysmartolution.addparticipant,1,1,0,0,1,0
0x2628e13a3cbdc52ed96b4b8d6b1041d3ef3a409e,participant.processpayment,0,0,0,0,1,0
0x2638a23a9118d5786b6a6529bf3c09c922d3cdad,infernu.claimeth,N/A,1,0,0,N/A,0
0x26436e73fdd02adde8ae7ab61fa660d6f7926e6f,crowdsale.buytokens,0,1,0,0,0,0
0x26436e73fdd02adde8ae7ab61fa660d6f7926e6f,crowdsale.destroy,0,0,0,0,1,0
0x2767e2ad18b358be2b511963a1b236b48203618c,babypoof._transferfrom,N/A,1,0,0,N/A,0
0x2767e2ad18b358be2b511963a1b236b48203618c,dividenddistributor.distributedividend,N/A,1,1,0,N/A,1
0x284b0f2f49d072836db87dd25d0623cd2f622bb1,destokensale.dopurchase,0,1,0,0,1,0
0x284b0f2f49d072836db87dd25d0623cd2f622bb1,destokensale.finishphase,0,1,1,1,1,0
0x287fda15f8f002e5df9f536f10bbfc0816960f36,encryptedtoken.fallback,0,1,0,0,1,0
0x28d673424398fd5de64133d4e64487c495a724f5,opportunity.fallback,0,0,0,0,1,0
0x28eeac83b9c843ef2fc6c78bcd860cab46aa88d0,dividenddistributor.distributedividend,N/A,1,1,0,N/A,1
0x28eeac83b9c843ef2fc6c78bcd860cab46aa88d0,pepebonk._transferfrom,N/A,1,0,0,N/A,0
0x28f1135e43e61ebf303c8f1f9beef4f6a00dcb34,xc.unlock,0,0,1,0,1,0
0x2934443c1749dcc0cdcabbd77098eea31d2ea6c3,xsnxcore.mint,0,1,0,N/A,0,0
0x2934443c1749dcc0cdcabbd77098eea31d2ea6c3,xsnxcore.mintwithsnx,0,0,0,N/A,1,0
0x2980b7c0c8e1a2c0bdecff55cde9e3576aaf9eaf,pizza.reinvestearnings,N/A,1,1,0,N/A,0
0x2980b7c0c8e1a2c0bdecff55cde9e3576aaf9eaf,pizza.withdraw,N/A,1,1,0,N/A,0
0x299e52c5d34596c05a04b61514dd79808167015a,treasurehunt.unlocktreasure,0,1,1,1,1,1
0x29aa20fb9b23421e310bdb8a7cfb81d7fbb4a1b3,sharkpool.do_redemption,0,1,1,0,0,1
0x2aa216f8126190fe5610b1b6c3c4835d1b07c8c8,boomstarterpresale.buy,0,1,0,0,0,0
0x2aeee16d8412beabc5f38a6995ee5e4d32ab7f9d,rage._transfer,N/A,1,0,0,N/A,0
0x2c125240e472e752bcfd1627ff7632b6c5265b2e,bussiness.buy,0,1,0,0,0,1
0x2c125240e472e752bcfd1627ff7632b6c5265b2e,bussiness.buybyusdt,0,1,0,0,1,1
0x2c125240e472e752bcfd1627ff7632b6c5265b2e,bussiness.removeprice,0,1,0,0,1,1
0x2c125240e472e752bcfd1627ff7632b6c5265b2e,bussiness.setpricefeehbwallet,0,1,0,0,1,1
0x2cc6ca9c3023a6a876fd54a03f68281c7aad0e8b,escrow.fundico,0,1,1,0,1,0
0x2cc6ca9c3023a6a876fd54a03f68281c7aad0e8b,ico.finalize,0,1,1,0,1,0
0x2cc6ca9c3023a6a876fd54a03f68281c7aad0e8b,tokens.refundtokens,0,1,0,0,1,0
0x2cc6ca9c3023a6a876fd54a03f68281c7aad0e8b,tokens.transfer,0,1,0,1,0,0
0x2cc6ca9c3023a6a876fd54a03f68281c7aad0e8b,tokens.transferfrom,0,1,0,1,0,0
0x2cf5694906bdd80f33bac7cb80183f1c61bc5be2,paymentprocessor.processpayment,1,1,0,0,0,0
0x2cf5694906bdd80f33bac7cb80183f1c61bc5be2,paymentprocessor.securetokenpay,1,0,0,0,1,0
0x2d5df43d54ae164a912db8de092cf707b446f693,ca_bank.collect,0,1,0,1,1,1
0x2daae64cc8516187c9d2ab209f3faa2f83b246e1,moloch.unwrapshares,1,0,0,0,0,0
0x2e09a70dca6ab05505b26382003912783e588f9c,phantomproject.swapandliquify,N/A,1,0,0,N/A,0
0x2e6d72d5948c0cb0b9ac1adc2034e16d02cdabda,miladyxp._transfer,N/A,1,0,0,N/A,0
0x300af88747b3f913012753071f209b48b30ea1ac,babyape._transfer,N/A,1,0,0,N/A,0
0x300af88747b3f913012753071f209b48b30ea1ac,dividenddistributor.distributedividend,N/A,1,1,0,N/A,1
0x308af1c4759dcb9f2ac2accdcd301862702df40f,escrow.canceltokentransaction,0,1,1,N/A,1,1
0x308af1c4759dcb9f2ac2accdcd301862702df40f,escrow.canceltransaction,0,1,1,N/A,0,1
0x308af1c4759dcb9f2ac2accdcd301862702df40f,escrow.createtokentransaction,0,1,0,N/A,1,0
0x308af1c4759dcb9f2ac2accdcd301862702df40f,escrow.releasefunds,0,1,1,N/A,1,1
0x308af1c4759dcb9f2ac2accdcd301862702df40f,escrow.userrecover,0,1,0,N/A,1,0
0x30919c5c5c7727eea89b110d7258cbb36d541377,crowdsale.safewithdrawal,0,1,1,0,1,0
0x30f85ebcfac9f6dd69503955e95ab7f55fa3fdec,ethtokentosmthswaps.createswap,0,1,0,1,1,1
0x30f85ebcfac9f6dd69503955e95ab7f55fa3fdec,ethtokentosmthswaps.createswaptarget,0,1,0,1,1,1
0x30f85ebcfac9f6dd69503955e95ab7f55fa3fdec,ethtokentosmthswaps.refund,1,1,0,1,0,1
0x30f85ebcfac9f6dd69503955e95ab7f55fa3fdec,ethtokentosmthswaps.withdraw,1,1,1,1,1,1
0x30f85ebcfac9f6dd69503955e95ab7f55fa3fdec,ethtokentosmthswaps.withdrawnomoney,1,1,1,1,1,1
0x3114b3312417b27a83bfd934764eee363d1e9325,dice.__callback,0,1,1,0,0,0
0x31718bcf61910b6760ec5fc6aaa8a6a0110af902,pepfarmer.reapfarm,0,1,1,0,1,1
0x32ed067fb79b38b65e1fdd2bcc8c81078b866c3b,$bitcoinreflections._transferfrom,N/A,1,0,0,N/A,0
0x32ed067fb79b38b65e1fdd2bcc8c81078b866c3b,dividenddistributor.distributedividend,N/A,1,1,0,N/A,1
0x32fd0a9206c6ada63ceb2738449261e3a876bbf6,town.claimexternaltokens,N/A,1,0,0,N/A,1
0x32fd0a9206c6ada63ceb2738449261e3a876bbf6,town.claimfunds,N/A,1,1,0,N/A,1
0x32fd0a9206c6ada63ceb2738449261e3a876bbf6,town.gettowntokens,N/A,1,1,0,N/A,1
0x32fd0a9206c6ada63ceb2738449261e3a876bbf6,town.remuneration,N/A,1,0,0,N/A,1
0x33b44a1d150f3feaa40503ad20a75634adc39b18,timecapsule.withdraw,0,0,0,0,1,0
0x352dbba201af66f98a47f2b280bff45f9050dbf8,drainme.callfirsttarget,0,0,0,0,1,0
0x352dbba201af66f98a47f2b280bff45f9050dbf8,drainme.callsecondtarget,0,0,0,0,1,0
0x356598a62aed83950e724db6e62b10b1027e33e2,runelock._releasetokens,N/A,1,1,0,N/A,1
0x356598a62aed83950e724db6e62b10b1027e33e2,runelock.locktokens,N/A,1,0,0,N/A,1
0x35d7bbe9012b5a93ecdc5eef53ab9d143542abc7,doublepoggerino._rewardliquidityproviderseth,0,0,0,1,0,0
0x37238583c041a2f51964f23fde2710c4fbd29e9e,batmo.determinepid,0,1,0,0,1,1
0x37238583c041a2f51964f23fde2710c4fbd29e9e,batmo.endround,0,1,1,0,0,1
0x372bf2843c4e4e2f6f7fba9e2e6dbe6adf2b760f,hayreflections.distributedividend,N/A,1,1,0,N/A,1
0x372bf2843c4e4e2f6f7fba9e2e6dbe6adf2b760f,hayr._transfer,N/A,1,0,0,N/A,0
0x3775876e537df71b60061151b39bcfb638f832f5,dividenddistributor.distributedividend,N/A,1,0,0,N/A,0
0x3775876e537df71b60061151b39bcfb638f832f5,staking.harvest,N/A,1,1,0,N/A,0
0x37e343f2cc245754595f1ae3656b460c35d636fb,balancemanager.systemwithdraw,0,1,1,1,1,0
0x37e343f2cc245754595f1ae3656b460c35d636fb,balancemanager.withdraw,0,1,1,1,1,1
0x380e0f015c0a830dc5d25e5f99570ad0be275350,button.close,0,1,0,1,1,0
0x38721079a72030ab1817fb9e1aaa86ae0d08356f,investment.addtopool,N/A,1,0,N/A,N/A,0
0x38721079a72030ab1817fb9e1aaa86ae0d08356f,investment.removefrompool,N/A,1,0,N/A,N/A,1
0x3967f481031f78a3fcbfe5c6a1079ec9f8426432,kongtou.transfertoken,0,0,0,1,1,0
0x39c74b1996d2cdbc2c996f2bb414ce316e245417,simplifieddelegatedtrasfer.claimeth,0,0,0,0,1,0
0x39cfd754c85023648bf003bea2dd498c5612abfa,token.withdrawtoken,0,0,0,1,1,0
0x3a2fd07ec2ad6f355f93af695a7cf858f5967b78,mtvote.ontokenreceived,0,0,1,0,1,0
0x3ab4a46beae2a0b025eeed54db05819814ff287a,clonefarmfarmer.hijackclones,0,1,1,0,1,0
0x3c9bdc41ef0c823a43bd16fe2392a9217dc70215,liquiditypool.migratetokens,N/A,1,0,0,N/A,1
0x3c9bdc41ef0c823a43bd16fe2392a9217dc70215,liquiditypool.reinvestrewards,N/A,1,0,0,N/A,0
0x3f513977cd827428e0459fdef7217cd6272dc893,kittenselfdrop2.fallback,0,1,1,1,1,1
0x400e115f1be2b646139c298272a43b2cff2b127e,piggy_bank.collect,0,1,0,1,1,1
0x4051334adc52057aca763453820cb0e045076ef3,airdrop.transfer,0,0,0,1,1,0
0x40da24a66f729d0bd0453681c5a6506bdc2a7a6a,crwdtimelock.release,0,1,1,1,1,1
0x41021442eab722c0a52c61738550faabfd0fca4e,crowdsale.fallback,0,1,1,1,1,0
0x42a4a749123469ca6a8b6ca494b1953076a26ef7,sendtokenscontract.withdrawtokens,0,1,1,1,1,1
0x42db5bfe8828f12f164586af8a992b3a7b038164,firsttest.withdrawal,1,0,0,1,1,0
0x43212915c5c01d9ec111d0672e37cc4c4d6f023c,callcontract.callfrozen,0,0,0,1,1,0
0x43212915c5c01d9ec111d0672e37cc4c4d6f023c,callcontract.changecontractcontroller,0,0,0,1,1,0
0x4470887011bbf1e196b62020266aa5ae1081bd70,deposit.claimmtu,0,1,1,0,1,1
0x4470887011bbf1e196b62020266aa5ae1081bd70,redeem.redeemmtu,0,1,1,0,1,1
0x44f2f79343ac7244c09e0189df05588524a86515,iou.withdraw,0,1,1,1,1,0
0x463f235748bc7862deaa04d85b4b16ac8fafef39,privatebank.cashout,1,1,0,1,1,1
0x465cd6299775dc459a23c80997d2664656be9780,safedif.distributeref,0,1,1,0,0,0
0x465cd6299775dc459a23c80997d2664656be9780,safedif.withdraw,0,1,1,0,1,1
0x46cefba4dd7512b2449e1ac4b730bfb7f77d1407,decentralizedexchangehotpotato.buy,1,1,1,0,0,0
0x46cefba4dd7512b2449e1ac4b730bfb7f77d1407,decentralizedexchangehotpotato.revoke,1,1,1,1,1,1
0x470142a1834438515b757118f322703aba6e1e05,policypalnetworkairdrop.signaturedropmultipleamount,N/A,1,1,1,1,0
0x470142a1834438515b757118f322703aba6e1e05,policypalnetworkairdrop.twitterdropmultipleamount,N/A,1,1,1,1,0
0x475de1f3e1ba5aeefc9fc694852c8fce59b353a1,ethersharedonation.freeshare,0,0,0,0,1,0
0x479cbe1f6a7fa4d7e304ae983803c46e85ced870,slaughter3d.divstorefundpot,0,0,0,0,1,0
0x479cbe1f6a7fa4d7e304ae983803c46e85ced870,slaughter3d.tryfinalizestage,0,1,1,0,0,1
0x47f8c173083af430f4507124b63db55296500baf,deal.destroycampaign,0,1,1,1,1,0
0x4b71ad9c1a84b9b643aa54fdd66e2dec96e8b152,airport.transfer,0,0,0,1,1,1
0x4bb12d68c795462c12ec30ad82421218d9c32a7d,crowdsale.safewithdrawal,0,1,1,0,1,0
0x4c60e311d8fba04e313f7e7b3dec61b3028726d1,etherworldcup.pullripcord,0,1,0,0,1,0
0x4c60e311d8fba04e313f7e7b3dec61b3028726d1,etherworldcup.register,0,1,0,0,0,0
0x4e61ba9c25d43e802c6be8d160432e4989dea1fc,iou.withdraw,0,1,1,1,1,0
0x4e73b32ed6c35f570686b89848e5f39f20ecc106,private_eth_cell.collect,1,1,0,1,1,1
0x4f0499f4da2d75d03fcc2dc2d97ffae976246809,vestingcontractwt.transfer,0,1,1,1,1,1
0x505766c3aef3ea43cf7e1bf9620e52607d45885e,agentcontractegalaxy.returnbalansetotarget,0,0,0,0,1,0
0x50f7c95b7e82ea5e0953de8c7ead20a9dd289ec2,bitprocoinx.withdraw,0,0,0,0,1,0
0x5171f06b66479c751c0ac6d2935d2db373ca06c4,offchainorfeedpricefeed.withdrawethandtokens,0,0,0,1,1,0
0x5211475520dc4a13fee1cc7c2c0c1167998bcbb8,auctioncontract.closeauction,0,1,1,0,1,1
0x52c2d09acf0ef12c487ae0c20a92d4f9a4abbfd1,mynewbank.withdraw,0,0,0,0,1,0
0x530a9cceee0c45f58229ae5c256e414e6df957ad,abio_baseico.burnresttokens,0,1,0,0,1,1
0x530a9cceee0c45f58229ae5c256e414e6df957ad,abio_baseico.fallback,0,0,1,0,1,0
0x533411c7c401ee3a136ddc7a2fc95d6624c9e041,vestingcontractwttest.transfer,0,1,1,1,1,1
0x561eac93c92360949ab1f1403323e6db345cbf31,bank_safe.collect,1,1,0,1,1,1
0x575d8909d7fef2561ef8c2114d80b736fb77cbb6,abchainnetcontract_v5.rtbpaymentsprocessing,0,0,1,0,1,0
0x57acbe7bf11b8a4584403cc900e230a18a7ab138,locker.unlock,0,1,1,1,1,0
0x589fbf3d4168518b8b849b7eedfdb719407900ca,airdroplight.transferdirect,0,0,1,1,1,0
0x58ed44f46c279f30fd0a0724d3fed4bc18b11bb0,boomerangliquidity.payout,0,1,1,0,1,1
0x595677bac1d68074c4f7b93bb6654156466a66b0,etherpayment.multitransfer,0,0,0,0,1,0
0x5b463c4e19358b4eaf010cf24244bf140541a63e,tokenerc20.sell,0,1,0,0,0,0
0x5bb52e85c21ca3df3c71da6d03be19cff89e7cf9,creditdepositbank.close,0,0,0,0,1,0
0x5bb52e85c21ca3df3c71da6d03be19cff89e7cf9,creditdepositbank.credit,0,0,0,0,1,0
0x5bb52e85c21ca3df3c71da6d03be19cff89e7cf9,creditdepositbank.withdraw,0,0,0,0,1,0
0x5c430fa24f782cf8156ca97208c42127b17b0494,hackdao.__callback,0,1,1,0,0,1
0x5d268508179db4da44de9057792758bff280e3ed,centrawhitelist.withdraw,0,0,0,0,1,0
0x5db4364cc0959c224f7898d8188413c1f560cf48,receiver.drain,0,0,0,1,1,0
0x5e88d3aa9c690a519279c199cc16f37b99510e2d,offchainorfeedpricefeed.withdrawethandtokens,0,0,0,1,1,0
0x5f38c57b268664015de387229bc9d3822b53ec32,canbev1migrated.canbemigrated,0,0,0,1,1,0
0x5f38c57b268664015de387229bc9d3822b53ec32,v1migration.migrate,1,1,0,0,0,1
0x60de9d9b062595cf10bc3fbf9ed5a6104befe882,www_wallet.collect,0,1,0,1,1,1
0x61683dfbe07e98a4edbddc2f1f1a44a75fa74912,bdsm_crowdsale.fallback,0,1,1,1,1,1
0x62500ad71aa50744bbd4917d1a64938897e952bf,c_bank.collect,0,1,0,1,1,1
0x627fa62ccbb1c1b04ffaecd72a53e37fc0e17839,tokenbank.withdrawtoholder,0,1,0,1,1,0
0x62a03c868c959386b2df7f266e79bc711fb92398,batchtransfer.batchtransfer,0,1,1,1,1,0
0x62b01d0aeb16656aff7a7632c3a61c8b069a8928,topinvest125.fallback,0,1,0,0,1,0
0x62b01d0aeb16656aff7a7632c3a61c8b069a8928,topinvest125.pay,0,1,1,0,0,1
0x62f49e904af170ea377f399aca76c13ff25a6f5e,trustlessotc.canceltrade,0,1,1,1,1,0
0x62f49e904af170ea377f399aca76c13ff25a6f5e,trustlessotc.take,0,1,1,1,1,1
0x641074844a0dd00042347161f830346bdfe348bc,sharedbank.withdraw,N/A,0,0,0,1,0
0x644417f540bf96fd218287454501b2eb13c83295,dividends.fallback,0,1,1,1,1,1
0x64b09d1a4b01db659fc36b72de0361f2c6c521b1,encryptedtoken.geteth,0,0,0,0,1,0
0x652729577d5c5a13060f81c256aa79adb264f188,vnettokenpresale.fallback,0,1,1,1,1,1
0x675c807fe3cf4fcc51b5c739b4bb910b0009ccb1,ourbank.payout,0,1,0,0,1,0
0x6a3f85f8a86e7b3de0269c20e9ab066dd57b8e21,accregcenter.transfertoacc,0,1,1,N/A,1,0
0x6cd171ef32b2ffa2b54481bea9d72692cd44f053,crowdsale.fallback,0,1,1,1,1,1
0x6cdccb2b249298419ab3dea261a92fbacf2223ab,bountyescrow.payout,0,0,0,0,1,0
0x6d84769b1e287a27f282a938c8110b22714dbf78,abio_baseico.burnresttokens,0,1,0,0,1,1
0x6d84769b1e287a27f282a938c8110b22714dbf78,abio_baseico.fallback,0,0,1,0,1,0
0x6e3c384480e71792948c29e9fc8d7b9c9d75ae8f,p_bank.collect,0,1,0,1,1,1
0x7183169973eda16209f66a602f2e27e1303bf414,boomerangliquidity.payout,0,1,1,0,1,1
0x71aaf9dc418e9dde76aee42e431fc203d9cfd0c2,vestingcontractwttest.transfer,0,1,1,1,1,1
0x71d57fc11e9d85d8ce2b5acc9019af399bf0cbcb,locktoken.release,0,1,1,1,1,0
0x72bf3030e276a96539143551bd8f91aff699bf7c,lotterygamelogic.finalizeround,0,1,0,1,1,0
0x72f41244e09b3b2f09d9e2f5f1184fa8bd6b4a1e,easysmart.withdraw,0,1,1,0,1,1
0x730f8c40a08d02349a2d64e3193cf207a2a2dfe7,pg_bank.collect,0,1,0,1,1,1
0x774853153c3cc175a3606c58d6f27f6b57e72fd3,c_bank.collect,0,1,0,1,1,1
0x78e6d2bfe731e578a50a4129df89bb4950591d18,swap.fallback,0,1,1,1,0,1
0x79e784a77254aedbc6488ce0001abee487b1d88d,y_wallet.collect,0,1,0,1,1,1
0x7a5c92aa4deff4f784a7149e26ba96e77f3f0635,contagion.count,0,0,0,0,1,0
0x7a5c92aa4deff4f784a7149e26ba96e77f3f0635,contagion.sort,0,1,1,0,1,0
0x7c52209718662dde9e18690e5ce435aa81502edd,burnableopenpayment.release,0,0,0,0,1,0
0x7d7dde4b196a237879e448fc4b69b8647c124932,utopium.optin,0,1,1,0,1,0
0x7d7dde4b196a237879e448fc4b69b8647c124932,utopium.payout,0,0,0,0,1,0
0x7e433aee8090ee2c8ee3e6aaedfde1b76d776ace,locktoken.release,0,1,1,1,1,0
0x7fe180e63198e50057c3f2817d058e8904c650e3,conference.refundticket,0,1,1,0,1,1
0x82a9187ad010f85678b6f96b3d6f3a579ab640fb,agentcontract.returnbalansetotarget,0,0,0,0,1,0
0x82cc62a5441c4df93acf0d2cf63e25060289e847,zeroxwrapper.zeroxswap,0,0,0,1,1,0
0x849019a489c3c26c7a7668e468be81a4d132781f,simpledeposit.refunddeposit,0,1,1,0,1,0
0x84cd9cf60bcb44f7bab8b75e6f03614c2c3b22b7,esmart.pay,0,1,1,0,0,1
0x84cd9cf60bcb44f7bab8b75e6f03614c2c3b22b7,esmart.withdrawprize,0,0,0,0,1,0
0x88355a32a8c5cc399aa09b9d21ebcba935ae5d2f,bankwallet.fund,0,1,0,0,1,0
0x887e4f25db63b079dffed24283f0470b0704b8e8,thewarbluenation.count,0,0,0,0,1,0
0x887e4f25db63b079dffed24283f0470b0704b8e8,thewarbluenation.sort,0,1,1,0,1,0
0x8a1190c9a21ccc195a943ec9ee434620461b46b2,heroauction.orderonfightauction,N/A,1,0,0,1,1
0x8a1190c9a21ccc195a943ec9ee434620461b46b2,heroauction.orderonsaleauction,N/A,1,0,0,1,1
0x8a1190c9a21ccc195a943ec9ee434620461b46b2,herofighting._fight,N/A,1,0,0,0,1
0x8a1190c9a21ccc195a943ec9ee434620461b46b2,heroledger.collect,N/A,1,1,0,1,1
0x8a1190c9a21ccc195a943ec9ee434620461b46b2,heroledger.withdrawerc20balance,N/A,1,1,0,1,0
0x8b3d70d628ebd30d4a2ea82db95ba2e906c71633,bzxvault.withdrawether,0,0,0,0,1,0
0x8c73696a453f67ea5b7e5f2cd58ca0ad72ecaaeb,tokenlock.release,0,1,1,1,1,0
0x8c7777c45481dba411450c228cb692ac3d550344,eth_vault.cashout,1,1,0,1,1,1
0x8c944c3f4029c14c22b6525ac3155482c2559541,bdsm_presale.fallback,0,1,1,1,1,1
0x8e3e25958ad448aeb5982a01b63bcb91355d56a5,swap.fallback,0,1,1,1,1,1
0x8fd1e427396ddb511533cf9abdbebd0a7e08da35,token.withdrawtoken,0,0,0,1,1,0
0x91d7e5895f7a635ba8bdce9e2be544e5e527135f,crowdsale.checkgoalreached,0,0,1,1,1,0
0x91d7e5895f7a635ba8bdce9e2be544e5e527135f,crowdsale.safewithdrawal,0,1,1,0,1,1
0x92579f2fa430b20bf6ce9d19938fe061aad992e2,dcy_preico.bringbacktokens,0,1,1,1,1,1
0x92579f2fa430b20bf6ce9d19938fe061aad992e2,dcy_preico.fallback,0,1,1,1,0,1
0x92579f2fa430b20bf6ce9d19938fe061aad992e2,dcy_preico.safewithdrawal,0,1,1,0,1,0
0x926e81009c2fa4475e1c798a8c43a4f598575c80,foundersvesting.withdrawtokens,N/A,1,1,1,1,0
0x926e81009c2fa4475e1c798a8c43a4f598575c80,goldmint.issuetokensinternal,N/A,1,0,0,0,0
0x93c32845fae42c83a70e5f06214c8433665c2ab5,x_wallet.collect,0,1,0,1,1,1
0x94554c78bd90dc7047f1a400dd3c5730991d9484,holdpresalecontract.unlocktokens,0,1,1,0,1,0
0x950ad688ade27bcaa6e890e9d86ba5a9293f4d8c,crowdsale.checkgoalreached,0,0,1,1,1,0
0x950ad688ade27bcaa6e890e9d86ba5a9293f4d8c,crowdsale.safewithdrawal,0,1,1,0,1,1
0x95e7ab2a7a120ceac7bcdb945367e41ff106e3cf,receiver.drain,0,0,0,1,1,0
0x967719548b8385be3c21ee96bdc57b9409b501cb,sellerc20basictokens.fallback,0,1,1,0,0,1
0x967719548b8385be3c21ee96bdc57b9409b501cb,sellerc20basictokens.sendtoken,0,1,1,1,1,0
0x969f99f3d3cb00d84634ec1ef2b8ba506955b1f7,wesendreserve.release,0,0,1,1,1,0
0x99d804f479df333ed4d2287af2d4da3eda1b3cd1,ethealsplit.split,0,0,0,0,1,0
0x9accb8fe0d9df53ce0040bc78d1294e1f55dcc88,myadvancedtoken8.sell,0,1,0,0,1,0
0x9bf7b6be208672cabbb671a3438c60c1ecb13061,autowallet.sweep,0,0,0,0,1,0
0x9d24335fd550568615bc81f8c0aa72aaa70ab93a,thewarrednation.count,0,0,0,0,1,0
0x9d24335fd550568615bc81f8c0aa72aaa70ab93a,thewarrednation.sort,0,1,1,0,1,0
0x9d31ff892f984a83e8b342a5ece8e8911ed909e0,a_free_ether_a_day.show_me_the_money,N/A,0,0,0,1,0
0x9d661f7773be14439b4223f5b516bc7ef67b0369,payablehumanityapplicant.applywithetherfor,0,0,0,1,0,0
0x9ecea0edc56f307cc343b2c8e3acb454d1faffda,bzxvault.withdrawether,0,0,0,0,1,0
0x9ed484129f09e5a90a13f4e914a0bd6fa08ceba7,boomerangliquidity.donate,0,0,0,0,1,0
0xa1e4608ff6b4b9324c6472eee2efebd20a20bbe8,kittenselfdrop.fallback,0,1,1,1,1,1
0xa27f262391913a5e21216c70de5358a1e887de25,vestingcontractwttest.transfer,0,1,1,1,1,1
0xa46edd6a9a93feec36576ee5048146870ea2c3ae,ebu.transfer,0,0,0,1,1,0
0xa5629861c9c345f50221996ef852fd9665eb1c05,ironhands.payout,0,1,0,N/A,1,1
0xa584c5eaccb5dd4a5c0fc0a785dee952becc4c06,crowdsale.safewithdrawal,0,0,0,0,1,0
0xa97e65fbb5d1f9698a78f55e3a3529a74417ae69,googtokensale.fallback,0,0,1,1,1,0
0xa9b6e2381dee5dd4ea5d6e31e11b3c6f10d35afc,usercontract.initiate,1,0,0,1,1,0
0xaa3f3485b5a009b34308707aa8e4c6f6c8e4dd49,iou.withdraw,0,1,1,1,1,0
0xab32cdd8d4796f5ae968ac176b3cc54a3200c723,ico.withdraw,0,0,0,0,1,0
0xab78561558d06ace60f206d9fcaac65bb1cfdee2,simpl_bank.collect,0,1,0,1,1,1
0xac355d24591c01ad44f8da36ec7629d275a2c6e1,shortorder.claimdonations,0,1,1,1,0,0
0xac355d24591c01ad44f8da36ec7629d275a2c6e1,shortorder.exerciselong,1,1,1,0,0,1
0xac355d24591c01ad44f8da36ec7629d275a2c6e1,shortorder.nonactivationshortwithdrawal,1,1,1,0,0,1
0xac355d24591c01ad44f8da36ec7629d275a2c6e1,shortorder.nonactivationwithdrawal,1,1,1,0,0,1
0xac355d24591c01ad44f8da36ec7629d275a2c6e1,shortorder.tokenfulfillmentdeposit,1,1,0,1,0,1
0xacb8a40073d0a7e041b29381debcafc2b538cd7c,depositcontract.refunddeposit,0,1,1,0,1,0
0xad43e8ba48a974e6dc5a385d87fc8cd1fe94a408,crowdsale.fallback,0,1,1,1,1,0
0xad93be20a1781d9976b87c5bda2be64b2ebc132d,blockworqcredit.withdraw,0,0,0,0,1,0
0xaf7aea249098f2c2f50cc11d4000ccf798194373,ztcrowdsale.fallback,0,1,1,1,1,0
0xaf7aea249098f2c2f50cc11d4000ccf798194373,ztcrowdsale.refund,0,1,1,0,0,0
0xafb7ae966a9a7801beace4a7d5bbee91d860f616,token.buytokens,0,0,1,0,1,0
0xafc36ac17c5d84504064f944b27292e795d03398,iou.withdraw,0,1,1,1,1,0
0xb0ceaa9cc523332cbef9fc606221cc0bc2d0872d,mattew.fallback,0,1,0,0,1,1
0xb11b2fed6c9354f7aa2f658d3b4d7b31d8a13b77,proxy.proxy,0,0,0,1,1,0
0xb25cef763846fe25185de5cf970fdf2ac13fc16d,crowdsale.fallback,0,1,1,1,1,0
0xb48e28b7de69e921e37c9786f11a6f73274777ef,crowdsale.fallback,0,1,1,1,1,1
0xb588530e3956d9787b0429244ca360f566ff3301,baseunilotgame.revoke,0,1,1,0,1,0
0xb620cee6b52f96f3c6b253e6eea556aa2d214a99,drainme.callfirsttarget,0,0,0,0,1,0
0xb620cee6b52f96f3c6b253e6eea556aa2d214a99,drainme.callsecondtarget,0,0,0,0,1,0
0xb69a50f98a49f85fd2042813e1647b02dc43d71f,ebytedistribution.fallback,0,1,1,0,1,0
0xb7c5c5aa4d42967efe906e1b66cb8df9cebf04f7,keepmyether.withdraw,1,1,0,1,1,1
0xb98de64d4dbe2956e80149e88ce9135bb05e9400,bounty.gettokens,0,1,1,1,1,1
0xbaea5bc6568dcb1f1c5aa24223a47333a6b3a8f5,trustlessotc.canceltrade,0,1,1,0,1,0
0xbaea5bc6568dcb1f1c5aa24223a47333a6b3a8f5,trustlessotc.take,0,1,0,0,0,0
0xbaf51e761510c1a11bf48dd87c0307ac8a8c8a4f,eth_vault.cashout,1,1,0,1,1,1
0xbd367c347fc8e0a9b2da08717bcc22bb3fd878eb,holdpresalecontract.unlocktokens,0,1,1,0,1,0
0xbd8dbefb4e1217e95fa37201c61daf4b57a9fe19,airdrop.withdraw,0,0,0,0,1,0
0xbe4041d55db380c5ae9d4a9b9703f1ed4e7e3888,money_box.collect,0,1,0,1,1,1
0xc4529ea3f838a7e27a673a87bfe844a5b8b1e4e2,interesttest.payout,0,1,0,0,1,0
0xc524079859fd32597f257c175c5f9e239c1dd2db,encryptedtoken.geteth,0,0,0,0,1,0
0xc543afe640c8c7521beb6549be75f77b568f4590,get111.fallback,0,1,0,0,1,0
0xc543afe640c8c7521beb6549be75f77b568f4590,get111.pay,0,1,1,0,0,1
0xc601f6938c75c4ca03eaad570701d86e607771db,contagion.count,0,0,0,0,1,0
0xc601f6938c75c4ca03eaad570701d86e607771db,contagion.sort,0,1,1,0,1,0
0xc64fd3ff188c4f1f1e34bbff54f67d8c88175696,lockingcontract.releasetokens,0,0,1,1,1,0
0xc67c1f88f31e724b137a057292e55cb42a5f3241,crowdsale.fallback,0,1,1,1,1,0
0xc7bd5dac314a67a375a0347d72797c2ea1f1a672,klowngasdrop.claimgasdrop,0,1,1,1,1,1
0xc80defd365fbac2dffeddfcb091b99afea6f8408,fruitfarm.gettokens,0,0,0,1,1,0
0xc86dd185fc95031489b89eeaaa3fd47e11c065e9,opportybountyhold.unlocktokens,0,1,1,1,1,0
0xceffdb3f1aed635e94a0b565239d4353ae44c744,bancorbuyer.buy,0,1,1,0,1,0
0xd012717342c0a7a24b840605fe7756f6094c9570,safedif.distributeref,0,1,1,0,0,0
0xd012717342c0a7a24b840605fe7756f6094c9570,safedif.withdraw,0,1,1,0,1,1
0xd1265bfe57597840f89971b7e67538bac780f9ad,destokensale.fallback,0,1,0,0,1,0
0xd1265bfe57597840f89971b7e67538bac780f9ad,destokensale.finishphase,0,1,1,1,1,0
0xd1a3ace46c98e028229974217201433e7163c4dd,helpmetokenpart1.fallback,0,1,1,1,1,0
0xd3efa0d59dccd79a8f2011f5adf527e78f1f68b4,encryptedtoken.fallback,0,1,0,0,1,0
0xd40c2daf2b55fbf5532ddeada3febe738f431dfe,encryptedtoken.fallback,0,1,0,0,1,0
0xd518db222f37f9109db8e86e2789186c7e340f12,d_bank.collect,1,1,0,1,1,1
0xd54920cedf704b87342fa26d5773efabf9037a77,cryptostars.withdrawpartial,0,0,0,0,1,0
0xd5967fed03e85d1cce44cab284695b41bc675b5c,demo.transfer,0,0,0,1,1,0
0xd5e5ab3438c14a6c823886baa24d8f41636b1d34,tokenerc20.fallback,0,1,1,0,0,0
0xd5e5ab3438c14a6c823886baa24d8f41636b1d34,tokenerc20.investedbuy,0,1,1,0,0,0
0xd5e5ab3438c14a6c823886baa24d8f41636b1d34,tokenerc20.withdraw,0,0,0,0,1,0
0xd5e5ab3438c14a6c823886baa24d8f41636b1d34,tokenerc20.withdrawcommissions,0,1,1,0,1,1
0xd67aa6a98e99f979f23bf0da772d113fe6dbe50a,crowdsale.fallback,0,1,1,1,1,1
0xd72d254737ab0a8de2ac43ba95557885ed13bbfd,menlotokentimelock.release,0,1,1,0,1,1
0xd84b6aec4985e68ef5882de0b5d0b30992bb5057,ethtokentosmthswaps.createswap,0,1,0,1,1,1
0xd84b6aec4985e68ef5882de0b5d0b30992bb5057,ethtokentosmthswaps.createswaptarget,0,1,0,1,1,1
0xd84b6aec4985e68ef5882de0b5d0b30992bb5057,ethtokentosmthswaps.refund,1,1,0,1,0,1
0xd84b6aec4985e68ef5882de0b5d0b30992bb5057,ethtokentosmthswaps.withdraw,1,1,1,1,1,1
0xd84b6aec4985e68ef5882de0b5d0b30992bb5057,ethtokentosmthswaps.withdrawnomoney,1,1,1,1,1,1
0xd84b6aec4985e68ef5882de0b5d0b30992bb5057,ethtokentosmthswaps.withdrawother,1,1,1,1,1,1
0xd89098a767a3fe39410d6fa7d72b6ebc5eaae247,lockingcontract.releasetokens,0,0,1,1,1,0
0xd96d1947b7758271c4b0621d90808825121bf329,domainauction.refundbid,0,1,0,0,1,0
0xdb8459034fc97eed3d43172909e1d353e9f4d282,uruncrowdsale.buytokens,0,1,1,0,0,1
0xdb8459034fc97eed3d43172909e1d353e9f4d282,uruncrowdsale.manualtokentransfer,0,0,1,1,1,0
0xdd654450e2ef8f672ef297ea3ff9aabea2e22840,vestingcontractabx.transfer,0,1,1,1,1,1
0xde1fa94c7fa043fccf3938f47e9911ca584baed4,dailygreed.fallback,0,1,1,0,1,0
0xde39859237f5ff14926b194c3ef72e3213d3c665,dex.trade,0,1,0,1,1,0
0xde39859237f5ff14926b194c3ef72e3213d3c665,dex.traderoutes,0,1,0,1,1,0
0xde7c2911cac44d5949cbe80b0c7d38f7a476cbad,simplewallet.withdraw,0,0,0,0,1,1
0xdef5dce5781220efda3f5235cc6e5dd5a08e22bd,smcdcoin.fallback,0,1,0,0,1,0
0xe2a88ab6dc9da8e017c0a529d731558adc4183d5,receiver.drain,0,0,0,1,1,0
0xe2a88ab6dc9da8e017c0a529d731558adc4183d5,receiver.forward,0,0,0,1,1,0
0xe2d8337423519a95eb38d6bce22ea5e8784e79d5,centraasiawhitelist.withdraw,0,0,0,0,1,0
0xe4e28bfd45969218a2af311ee10e80846f7b2fdc,presale.getfunds,0,0,0,0,1,0
0xe650a4ed8c64174201204fd4d628a98661048fc4,robettest.signal,0,0,0,0,1,0
0xe66888a40b5e6271006e2a0de47cfc70ca0ba4fa,airdropcontroller.airdropmanually,0,1,1,1,1,0
0xe7e0bb725a6c1ed81b89042b1d37756b21db4958,bdsm_crowdsale.fallback,0,1,1,1,1,1
0xe85083dec29ca5287a00a29f667a8c5489cdf297,opportywhitelisthold.unlocktokens,0,1,1,0,1,1
0xe894d54dca59cb53fe9cbc5155093605c7068220,airdrop.transfer,0,0,0,1,1,0
0xe9aec9c2a03d06243fffb907f6ce377e3c5c8936,centratoken.withdraw,0,0,0,0,1,0
0xea9c15f733ee4cd9e24c97bdddd66077a757b474,boomerangliquidity.payout,0,1,1,0,1,1
0xebbe139afc4f0706cc928311b6748701b6549a31,contagion.count,0,1,1,0,1,0
0xebbe139afc4f0706cc928311b6748701b6549a31,contagion.sort,0,1,1,0,1,0
0xec8f9a0de90487e7aa172fe5291fd19ad7163aa1,bdsmairdrop.tokensback,0,0,1,1,1,0
0xec94d178d97bac527fdcd4b3d4bf41b57d640c5b,crowdsale.devreswithdrawal,0,1,1,0,1,1
0xec94d178d97bac527fdcd4b3d4bf41b57d640c5b,crowdsale.fallback,0,1,1,1,1,0
0xecbed48098c4f25a16195c45ddf5fd736e28b14b,userfeedsclaimwithvaluemultisendunsafe.send,0,0,0,0,1,0
0xecfe4b7afc47260cb590d3043d3f790a61bb7910,ebytedistribution.fallback,0,1,1,0,1,0
0xee3dc775669d2415cad8b5b424e6c97ad60ebef5,encryptedtoken.geteth,0,0,0,0,1,0
0xefcc5dcaba4a93046b5f5c24c1281c685154214c,cryptelopresale.refund,0,0,0,0,1,0
0xefcc5dcaba4a93046b5f5c24c1281c685154214c,cryptelopresale.withdrawallether,0,0,0,0,1,0
0xf145cc0345f95d45ea5fda21ef8abd1b824cbe0d,divisiblefirstcommonsforumtoken.withdrawether,0,0,0,0,1,0
0xf1add8bf553d0066be17768d6816f3730c476237,easysmartolution.getout,1,1,0,0,1,0
0xf1add8bf553d0066be17768d6816f3730c476237,easysmartolution.processpayment,1,1,0,1,1,1
0xf1add8bf553d0066be17768d6816f3730c476237,participant.processpayment,0,0,0,0,1,0
0xf2570186500a46986f3139f65afedc2afe4f445d,realoldfuckmaker.makeoldfucks,0,0,0,1,1,0
0xf2d54d17d3dc3810a0d62042a0b381df122ed162,beercoinico.fallback,0,0,1,1,1,0
0xf796eb0a13b5a75e94f13fd14fb66b2b8007f69b,coinbyinsomniatokensale.buytokens,0,0,1,1,1,0
0xf847b0052b9d369401b0d71465f28392ea7e3304,pandora.paytomarketingreferral,0,0,0,0,1,0
0xf847b0052b9d369401b0d71465f28392ea7e3304,pandora.returndeposit,0,1,1,0,0,1
0xf8a617d786dcb28f5d00f7e81b9f92b0cad617df,efinity.withdraw,0,0,0,0,1,0
0xfae0300c03a1ea898176bcb39f919c559f64f4ff,deposittest.withdraw,0,0,0,0,1,0
0xfb0f7189b354660e649ae14261a9fe0e8febf369,candycontract.collectback,0,1,1,1,1,0
0xfbe2fff3145e08a21a9d9c8d5f20c01706939647,c_bank.collect,0,1,0,1,1,1
0xfc560a12fb91c7b743d070e5764b4404de2f4883,crowdsale.safewithdrawal,N/A,1,1,1,1,1
0xfcc74ab9a02d55b9b1d0c378547a6bcfad7597c9,washcrowdsale.fallback,0,1,1,1,0,0
0xfcdd6d4f2cfb7cea900c4a57282cffcf3e41e068,interestv3.payout,0,1,0,0,1,0
0x000000000000541e251335090ac5b47176af4f7e,dexblue.settlereservereservetrade,0,0,0,0,0,0
0x0000000000b3f879cb30fe243b4dfee438691c04,gastoken2.makechild,0,0,0,0,0,0
0x007d8eedc142d9e14ea3498471c5e884d6249a20,f10.recovertokens,0,0,0,0,0,0
0x00dd5ad8f5d9c5118bceeb526c55ea6b2c07e922,venify.claimstucktokens,0,0,0,0,0,0
0x00f9e55eb4701f9354946e081970f7b14684b9fd,$christ.claimstucktokens,0,0,0,0,0,0
0x01490172fd413bb9b74ca73c5df1e245ef14412a,sotl.claimethrewards,0,0,0,0,0,0
0x01490172fd413bb9b74ca73c5df1e245ef14412a,sotl.claimtokenrewards,0,0,0,0,0,0
0x01490172fd413bb9b74ca73c5df1e245ef14412a,sotl.emergencywithdraw,0,0,0,0,0,0
0x01490172fd413bb9b74ca73c5df1e245ef14412a,sotl._sendethtotreasury,0,0,0,0,0,0
0x0164529a49f0cbdc6dee4aa19d014ff60e1bc1f4,jinchan.senderc20tokens,0,0,0,0,0,0
0x01911afa1a3d64d52451a22cb265fc34f596f425,buyvote.buy,0,0,0,0,0,0
0x01d5609df23dee77fe8db8e03c66be11dca7d21b,mittens.teamrescuetokens,0,0,0,0,0,0
0x024b77a5205733bc1cf283b0442be8ecab88803a,akihiro.recovertokens,0,0,0,0,0,0
0x0321be5f545ea569424aace4dc08d60f467229ac,blackerc20.deployawardtoken,0,0,0,0,0,0
0x0453aa2dafff030614d9afef6c724ec2bee60876,swifystaking.withdrawswify,0,0,0,0,0,0
0x05a4909d737d0a6433335504d25536e12f65a4e5,hydra.swapback,0,0,0,0,0,0
0x05b902c7fd6d221d582bb973fe6e253921568717,flasko.removestucktoken,0,0,0,0,0,0
0x06012c8cf97bead5deae237070f9587f8e7a266d,kittycore.withdrawbalance,0,0,0,0,0,0
0x0654b7f747c9ee9f5fb5eba443e9fe64f1fa77ef,safx.transfererc,0,0,0,0,0,0
0x0654b7f747c9ee9f5fb5eba443e9fe64f1fa77ef,safx.transfereth,0,0,0,0,0,0
0x0719feee345bf34877d0a1f2c1c40fcdf0f1c3e8,charge.rescuetokens,0,0,0,0,0,0
0x072668a75ba5a0740582d44c8d55a85aadb0644a,aai.recovererc20tokens,0,0,0,0,0,0
0x0a5a0a14419f9db1da68cf2f550720e5df49d4fe,yzyvault.emergencywithdrawtoken,0,0,0,0,0,0
0x0bbd9b0dbfd70529c81c71bc550ec6b6ceb98e61,boltinu.manualsendtoken,0,0,0,0,0,0
0x0cb0a2136f2e80662eb5c50b96bfa3de85f335ce,igloo._paytreasury,0,0,0,0,0,0
0x0cb0a2136f2e80662eb5c50b96bfa3de85f335ce,igloo.transfererc,0,0,0,0,0,0
0x0d1c59da19c60092cc3a56ee6750bd162582f857,cuelaunchertoken.manualtokenomics,0,0,0,0,0,0
0x0e50763fbbd9a2474c429041b338624bb2a8b7bd,iza.rescuebep20tokens,0,0,0,0,0,0
0x0ffaa8eeb2ee18c9174e4c5d6af6ce48199c6879,sargasso.addcontracttokens,0,0,0,0,0,0
0x126bf7880a9597e2760380d44d147c90cd75ee39,the_disturbance.sweeptokens,0,0,0,0,0,0
0x128ad1ad707c3b36e6f2ac9739f9df7516fdb592,alfav3.rescuetokens,0,0,0,0,0,0
0x15ed8dcd6d5d7c9e66a28cb70673389a5dc4fcf5,depot.depositsynths,0,0,0,0,0,0
0x15ed8dcd6d5d7c9e66a28cb70673389a5dc4fcf5,depot.exchangesynthsforsynthetix,0,0,0,0,0,0
0x15ed8dcd6d5d7c9e66a28cb70673389a5dc4fcf5,depot.withdrawmydepositedsynths,0,0,0,0,0,0
0x15ed8dcd6d5d7c9e66a28cb70673389a5dc4fcf5,synthetixescrow.vest,0,0,0,0,0,0
0x15ed8dcd6d5d7c9e66a28cb70673389a5dc4fcf5,synthetixescrow.withdrawsynthetix,0,0,0,0,0,0
0x16a76a81bb2c2b16ca7b0a2ea4f093bcdf47ae7b,multichaincapital.sendethtoteam,0,0,0,0,0,0
0x16f7767a800eabd16e334e88683d8d0489c8ddbf,m510.recovertokens,0,0,0,0,0,0
0x1806b3527c18fb532c46405f6f014c1f381b499a,planetcryptotoken.burn,0,0,0,0,0,0
0x193c4c0bdf474efe82a56e530f70af58810cf74d,winorwatch._depositweth,0,0,0,0,0,0
0x19f259affad4eab74ee306f709044b2c8145f692,third_degree_burn.releaselp,0,0,0,0,0,0
0x1a84f41c5a0f3ac34e0fb5fef6ff84be81242fce,defigold.syncpair,0,0,0,0,0,0
0x1a9206cd9a4c59967ca728ca96b15287b2fd4c7c,coinflip.withdrawtoken,0,0,0,0,0,0
0x1c1de57cc864072f7eab381c4c06b14a6963dd4b,erc20dex.collect_fee,0,0,0,0,0,0
0x1c57481dc2e2b987b2f012e9d3cc4cbbecd7c116,ytusd.extractyeldearningswhilekeepingdeposit,0,0,0,0,0,0
0x1da73fc09ea07781482994036a0eecc7e6952dfb,tydoico.buy,0,0,0,0,0,0
0x214a8abb5fd89d3605c6cadb178f1748c36f6b8d,pape.withdrawstucktokens,0,0,0,0,0,0
0x2229e2da4406fbe856ca9414035eb97d739808b2,kichona.extracterc20tokens,0,0,0,0,0,0
0x2463a3f13cea3ea308be5c23cc887fdf205653ea,adamproject.clearstucktokens,0,0,0,0,0,0
0x246fcdc18bf3781b4c5100b3a6decef8dbcc8a31,aidogex.claimstucktokens,0,0,0,0,0,0
0x25456ad3d45863cecf7039b7628eb8fc913346ad,lunrr.claimstucktokens,0,0,0,0,0,0
0x25ad23adf5da60190d5f44297ab7d7ab147ad9db,sandwich._lockliquidityforever,0,0,0,0,0,0
0x272922870b1b23db61e41f7aa2c6abf976b6a4ab,samuraifees.withdraw,0,0,0,0,0,0
0x2934443c1749dcc0cdcabbd77098eea31d2ea6c3,xsnxcore.withdrawfees,0,0,0,0,0,0
0x2980b7c0c8e1a2c0bdecff55cde9e3576aaf9eaf,pizza.pullresolves,0,0,0,0,0,0
0x29b6f1f4f6513a6363e32d092bf95319ec5266b9,bulldogeaitoken.claimstucktokens,0,0,0,0,0,0
0x2aa216f8126190fe5610b1b6c3c4835d1b07c8c8,boomstarterpresale.finishsale,0,0,0,0,0,0
0x2aeee16d8412beabc5f38a6995ee5e4d32ab7f9d,rage.removeerc20,0,0,0,0,0,0
0x2b4a6831931175b0afb39adff9c43350500bded3,eic.importantfunction__rescuetokens,0,0,0,0,0,0
0x2c92744a0428e405e95dc3eb812e1b87872b22eb,lpstaking.stake,0,0,0,0,0,0
0x2cc995bce8644e4809f43c6e8b3cbd611bcebbb5,aio.recovertokens,0,0,0,0,0,0
0x2cc995bce8644e4809f43c6e8b3cbd611bcebbb5,aio.unlock,0,0,0,0,0,0
0x2daae64cc8516187c9d2ab209f3faa2f83b246e1,moloch.sponsorproposal,0,0,0,0,0,0
0x2db5a56957a3530235e52ae5eb433e6afcb44512,router.withdrawprotocolfee,0,0,0,0,0,0
0x2db5a56957a3530235e52ae5eb433e6afcb44512,router.withdrawsupportfee,0,0,0,0,0,0
0x2e6d72d5948c0cb0b9ac1adc2034e16d02cdabda,miladyxp.swapback,0,0,0,0,0,0
0x2fd4f0569896b4009ffad793ac6308bfd79b4c35,cave.manualsendtoken,0,0,0,0,0,0
0x3085c9403871c00f7fd2e84dac1bdaa05f5f652e,preicoproxybuyer.claim,0,0,0,0,0,0
0x35d7bbe9012b5a93ecdc5eef53ab9d143542abc7,doublepoggerino.burnliquidity,0,0,0,0,0,0
0x3775876e537df71b60061151b39bcfb638f832f5,staking.emergencywithdraw,0,0,0,0,0,0
0x3848d38145ef835b7570768dbc98a3d8ceb46cd5,dividenddistributor.rescuedividends,0,0,0,0,0,0
0x38ec125e6271b343d84529e9ca8c2481e3b194e5,franceinu.sweepexternaltokens,0,0,0,0,0,0
0x39832e9b4851c76160d754267d4a169617c27d88,thehand.withdrawtoken,0,0,0,0,0,0
0x3c9bdc41ef0c823a43bd16fe2392a9217dc70215,liquiditypool.addliquidity,0,0,0,0,0,0
0x7c52209718662dde9e18690e5ce435aa81502edd,burnableopenpaymentfactory.newburnableopenpayment,0,0,0,0,0,0
0x7d09edb07d23acb532a82be3da5c17d9d85806b4,pocgame.donatetowhale,0,0,0,0,0,0
0xa43ebd8939d8328f5858119a3fb65f65c864c6dd,sweeper_clean,0,0,0,0,0,0
